UID (NE PAS MODIFIER),Mot en luxembourgeois,Genre (m/n/f),Mot en français,Phrase d'exemple en luxembourgeois ,Phrase d'exemple traduite
700d40564853,Moien !,,Salut,"moien, Madamm, wat kann ech fir Iech maachen?",
a7ffc2bebcbd,de Mann,m,L'homme,d'Toilettë fir Männer a Frae si getrennt,
1a767edb355c,d'Fra,f,La femme,d'Toilettë fir Männer a Frae si getrennt,
fd20bb586433,d'Kand,f,L'enfant,meng Schwëster erwaart hiert drëtt Kand,
5b7525bc236f,d'Leit,p,Les gens,fir den Ufank vun de Solde waren d'Kleederbutteker voller Leit,
6e8f1b6d4568,Bis Geschwënn,,A bientôt ,,
1e81ad92ee13,och,,aussi,Mir geet et och gutt,"Moi aussi, je vais bien"
e248b9f04e04,gutt,,bien,Mir geet et gutt,Je vais bien
b2280a9f3569,schéinen Dag,,Bonne journée,,
c88fe97eed6e,flott,,Super,,
714bb40d8ad7,schlecht,,Mal / Mauvais,esou schlecht Manéieren däerf een net duerchgoe loossen,
e3b5425368e4,äddi,,Salut (au revoir),,
b0a688d3e9b0,wunnen,,habiter,Ech wunnen zu DIekriech,
ad661c5fbdbf,gläichfalls,,Pareillement,,
74c036af165e,heeschen,,S'appeler,,
56f1356ee330,Laachen,,Sourire,"hatt ass ganz sympathesch, et huet esou e léift Laachen",
f4f23688711c,Hoer,,Cheveux,"wann d'Hoer anormal staark ausfalen, kann dat vill Ursaachen hunn",
32ca6d392184,D'Autoen,p,Les voitures,ech hu mer en neien Auto kaaft,
1b5ecb4a3565,wéi ?,,Comment ?,,
c88b03d38056,Brudder,m,Frère,du bass ewéi e Brudder fir mech,
b8e2e15d2faa,Schwëster,f,soeur,ech hunn e Brudder an zwou Schwësteren,
22151a8492e0,Mann,m,mari,mäi Mann ass mat de Kanner an d'Vakanz gefuer,
5a014b84584c,Här,m,Monsieur,,
ead1cf423d29,Madamm,f,Madame,,
54e5cabd6fcc,mäin,,mon,,
4319c1ef9238,meng,,ma,,
c949e0e061a2,deng,,ta,,
eff33a7df089,Ären,m,Votre (masculin),,
1ed41f46b63e,Är,f,Votre (feminin),,
065ae0a00b56,immens gut,,Très bien,,
20a2432920ca,net immens,,Pas terrible,,
bc51cba17fca,Meedchen,f,Fille,,
d9e54b865575,Jong,m,Garcon,,
980f39041b36,Auto,m,Voiture,,
50e06b14fa29,Buch,n,Livre,dat Buch huet bal 500 Säiten,
56e459187256,Haus,n,Maison,an eiser Strooss ginn dräi Haiser gebaut,
8c0ae6215ee0,deier,,cher,ech hu mer en deiere Bijou geleescht,
6c7e99f48c0f,nei,,nouveau,ech hu mer an der Vakanz en neie Bikini kaaft,
bf9b218af3dd,schéin,,beau,beim Antiquaire steet e schéinen Tablo an der Fënster,
0b01161c810a,däin,,ton,,
f542b865bc6c,ech,,Je,,
8aa36d5a67be,du,,Tu,,
7fb28532d7ff,hien,,Il,,
8047ab64d3ab,si (/) hatt,,Elle,,
758717a0be12,mir,,Nous,,
cdb8b028fcb9,dir,,Vous,,
ec822c9ff92a,si,,Ils,,
915481a1cf02,si,,Elles,,
54abdd6f464d,Den Hierscht,m,L'automne,Et ass Hierscht.,C'est l'automne
8072fb8ab20a,Fréijoer,n,Le printemps,dëst Fréijoer stinn d'Beem fréi an der Bléi,
28cddc485885,Summer,m,L'été,Et ass endlech Summer!,C'est enfin l'été
a9dfc9d4401d,Wanter,m,L'hiver,Et ass Wanter,C'est l'hiver
dfe754f01552,eent ,,Un,,
a4b51817af3d,Zwee,,Deux,,
b101a48bc259,dräi,,Trois,,
6f8091ef7b43,Véier ,,Quatre,,
13cce051fc82,Fënnef ,,Cinq,,
9dd7faa76752,Sechs ,,Six,,
0d67ad285c5e,Siwen ,,Sept,,
c3ec66079501,Aacht ,,Huit,,
2b9fadff25a6,Néng,,Neuf,,
72d4fa8d70ca,Zéng,,Dix,,
1825ff7f7305,Eelef,,11,,
853828c61f9b,Zwielef,,12,,
3f0a5c93488c,Dräizéng,,13,,
3997c0c0a7e3,Véierzéng,,14,,
ceb3dcd722cf,Fofzéng,,15,,
153e2e6918b2,Siechzéng,,16,,
9d15c8e1bd88,Siwwenzéng,,17,,
05b2b4756923,Ueshtzéng,,18,,
6ac36792641f,Nonzéng,,19,,
efee28c5140d,Zwanzéng,,20,,
c0da15a02141,Drësseg,,30,,
0cdc0e7fdead,Véierzeg,,40,,
0bd2b2552588,Fofzeg,,50,,
0068ac2a8210,Siechzeg,,60,,
6bde9fde4e71,Siwwenzeg,,70,,
6fd698a020dd,Aachtzeg,,80,,
14b8869b1ac2,Nonzeg,,90,,
d295be2f2336,Honnert,,100,,
2ba42c192aec,Dausend,,1.000,,
4fc42bb96148,Zéngdausend,,10.000,,
7d020aea60a3,eng Millioun,,1.000.000,,
9ad55495b657,E brëll  ,m,Des lunettes,meng Fra krut hire Brëll beim Optiker gefléckt,
7c422f19dad7,en Dësch  ,m,Une table,am Zëmmer ware just en Dësch an zwee Still,
8166ba547a2e,E bläistëft  ,m,Un crayon,,
2c6c38157edb,e Stampel  ,m,Un tampon,,
adb441d54d48,en Telefon  ,m,Un téléphone,,
fbca93250a8b,e Computer  ,m,Un ordinateur,,
457e1f57a6a3,eng Planz  ,f,Une plante,,
d5042dd66ff1,Mapp  ,f,Un sac,,
4b7170e5a71d,Fënster  ,f,Une fênetre,,
322a65001e8b,Fläsch  ,f,Bouteille,de Wënzer huet de Wäin a Fläsche gefëllt,
130273fd28eb,Enveloppe  ,f,Envelope,,
32dd1aa61439,Dier  ,f,Une porte,,
5bf12a7aef38,Fotell  ,f,Un fauteil,,
434d110bca30,Auer  ,f,Montre,,
3f30e28dcad6,en Haus  ,n,Une maison,,
ac2b0358204f,E Buedzëmmer  ,n,Une salle de bain,,
3673b0d20dc6,e Glas  ,n,Un verre,,
d076c2967927,E regal  ,n,Une étagere,,
a5ef1645c3b5,E gebai  ,n,Un batiment,,
3252fc73b136,en Heft  ,n,Un cahier ,,
baf3dd485f48,e Bild  ,n,Une peinture / un tableau,,
c4efaff7470a,e Buch  ,n,Un livre,,
7e1f96aa46a8,e Blat  ,n,Un papier,,
be80c0675387,e Velo  ,m,Un velo,,
55d97ac1695b,eng Kreditkaart,f,Une carte de crédit,,
9121bb652518,eng Agenda,f,Un agenda,,
aa5111d55d08,e Fliger,m,Un avion,,
8a6d81154a1b,e Wecker,m,Alarm,,
d9f1e38c7457,eng Faarf,f,Couleur,,
28568f0ad051,Hellblo,,Bleu clair,,
65fe60611305,brong,,Marron,,
f07d9821034f,giel,,Jaune,,
9e22c5d58094,greng,,Vert,,
1e6b994f378b,gro,,Gris,,
4ff5881fd7a6,violett,,Violet,,
7d2762d936e1,orange,,Orange,,
33c0fe496c85,rosa,,Rose,,
ef88489438d8,rout,,Rouge,,
aedd509090e0,schwaarz,,Noir,,
e17daa70752d,wӓiss,,Blanc,,
d3d2c74274fa,donkelblo,,Bleu foncé,,
7a252c3dbb86,faarweg,,coloré,,
e83915efd4ae,e Schlëssel,m,Une Clé,,
427bb3fb9ce7,eng Luucht,f,une Lampe,,
f005060b7bc7,eng Zeitung,f,Un journal,,
f7ae8f0490bc,Meindeg,m,Lundi,,
fe2498c48842,Dënschdeg,m,Mardi,,
a703a4e37268,Mëttwoch,m,Mercredi,,
37cff5d17d68,Donneschdeg,m,Jeudi,,
fba7309557c5,Feideg,m,Vendredi,,
2dc72a6ef63c,Samschdeg,m,Samedi,,
e8abc87efabf,Sonndeg,m,Dimanche,,
3ffa5f127636,D'Joreszaiten,p,Les saisons,,
96b766abe76f,Oui,,jo,,
c4c90027a9ad,Non,,nee,,
f7cd785569f8,Gutt,,(Je vais bien,,
35dbedcb8397,Ganz gutt,,(Je suis) vraiment bon,,
c51fffe5a464,Super,,(Je suis) super,,
394609ab900e,Tipptopp,,(Je suis) fantastique,,
8e5c6b3b6e27,Net gutt,,(Je ne suis) pas bon,,
4dc7d79f9a4b,Schlecht,,(Je suis) mauvais,,
ac194cbb2562,Ganz schlecht,,(Je suis) vraiment mauvais,,
ee08bdeb9b31,Net extra,,Pas très bon,,
4cd02e0694c5,Alt esou,,Je vais bien,,
7ca546ae8067,Et geet,,Ça se passe bien,,
b7f7e274106b,Familljennumm,,Nom de famille,,
8d9226d76cce,Grouss,,Grand,,
ecac03074e52,Kleng,,Petit,,
4f0c8ae634bf,Bonjour,,Bonjour (formel),,
4c6c68915f07,Moien,,Bonjour (standard),,
f702283591b2,Gudde Moien,,Bonjour,,
154d8637671f,Gudde Mëtteg,,Bon après-midi,,
d0e01c800794,Gudden Owend,,Bonne soirée,,
7b7dcc815a4c,Gutt Nuecht,,Bonne nuit,,
daef22809ed8,Äddi,,Au revoir (standard),,
deb72e301ef9,Awar (op Süden) Awuer (à la ville),,Au revoir (formel/ancien),,
cb2682577701,Norden,,Nord,,
84be3f3f7e68,Süden,,Sud,,
944abbe5a4a2,Westen,,Ouest,,
b5a777c09efa,Osten,,Est,,
15ba75da4b12,Wanneschgelift (w.e.g.),,S'il te plaît,,
cf24071c9815,Merci (fir de Bic),,Merci (pour le stylo),,
80cbfced60e1,Faarf (Faarwen),f,Couleurs),,
120c8ed0d905,Januar,,Janvier,,
168dc16fc883,Februar,,Février,,
e8cfde313fbb,Mäerz,,Mars,,
6eb0bf0b05c5,Abrëll,,Avril,,
29094c5fb7bb,Mee,,Mai,,
50b238c6c3cf,Juni,,Juin,,
d2af4c9c111d,Juli,,Juillet,,
7df2071ac7c4,August,,Août,,
d05a71cafe61,September,,Septembre,,
80d5c02b8b5a,Oktober,,Octobre,,
1b529183806a,November,,Novembre,,
6e58bc6d3eb1,Dezember,,Décembre,,
3de8726fbb5f,den Dësch,m,le bureau,,
5de8729ee0d5,de Stull,m,chaise,,
9cd9e0d9b53e,de Mann,m,homme,,
1a810877147e,d'Fënster,f,fenêtre,,
eeb517a2f1b7,d'Mauer,f,mur,,
abc2231aa9c0,d'Tafel,f,tableau (tableau blanc/tableau noir),,
cccf0f66f519,d'Buch,n,livre,,
bf276d8d61ed,d'Heft,n,carnet de notes,,
74aa44703517,d'Bild,n,le tableau,,
9ef31d6bc9e4,Mech och,,Moi aussi,,
b17c51ea43b8,d'Widderhuelung,f,répétition,,
63a588e97fc0,d'Hierkonft,f,l'origine,,
81ac7bb2c3b7,sech virstellen,,se présenter,,
b841cb1fa5d6,Shéine Mëtteg!,,Passez un bon après-midi !,,
20a921da0bb6,Shéinen Owend!,,Passe une bonne soirée!,,
b0309593ac86,e Fändel,m,un drapeau,,
243cdbd562ee,d'Fändelen,m,les drapeaux,,
376aa1036787,d'Faarwen,f,les couleurs,,
9bb38ab5d3cf,e Land,n,un pays,,
67ba531a19a8,d'Länner,n,les pays,,
7ce5370e976a,eng Nationalitéit,f,une nationalité,,
6c4ca6aae1f9,d'Nationalitéiten,f,les nationalités,,
591299ac4b67,eng Regioun,f,une région,,
26336cb39109,d'Regiounen,f,les régions,,
67f2a36eb8df,eng Sprooch,f,une langue,,
10b756089078,d'Sproochen,f,les langues,,
1162d9c3551a,eng Stad,f,une ville,,
ce1a111463f0,d'Stied,f,les villes,ech gi gär mëttelalterlech Stied kucken,
1f1f968cba49,heemechtland,n,pays d'origine,,
078dd356d294,Heemechtsstad,f,ville natale,no zéng Joer am Ausland huet hien seng Heemechtsstad net méi erëmerkannt,
c232ee4df9bb,Sproocheschoul,f,École de langues,,
ecf7c8c15c04,Eng Fra,f,Une femme,,
19fd07f1f950,e Mann,m,Un homme,,
321a045b9113,eng Kaffispaus,f,Une pause-café,,
9b5c00f14955,verstoen,,comprendre,,
643f8dacefce,sech duzen,,se tutoyer,,
23f08987061a,sech dierzen,,se vouvoyer,,
3db675f74640,gell,,n'est-ce pas,"gell, du kënns den Owend!",
2ab5c9b67567,Nationalitéit,f,Nationalité,,
ad517dd26dfe,Brasilien,,Brésil,,
2e3354df8ed0,Frankräich,,France,,
ca6766571ef2,Spuenien,,Espagne,,
f19a73deb9fb,Tiirkei,,Turquie,,
4d21c92cf116,d'Géigend,f,la région,,
2361555292b5,d'Himmelsrichtung,f,point cardinal,,
7725cf37d812,den Zentrum,m,le centre,,
e4017e9c30f9,d'Mëtt,f,le milieu,,
bded2b194756,an address,f,Adresse anglaise,,
6d9ab8f946ce,Awunner (/) Awunnerin,m / f,Habitant,,
0a88047f0522,eng E-Mail-Adress,f,Adresse email,,
66300c70037c,e Formulaire,m,une forme,,
47778ee297cc,eng Handysnummer,f,un numéro de téléphone portable,,
0a6e6bb57c29,eng Telefonsnummer,f,un numéro de téléphone,,
1ae23a4200f3,d'Uertschaft,f,la localité,,
d9930a64cc52,d'Virwal,f,l'indicatif/le code d'appel,,
e125cb77106f,e Wunnuert,m,un lieu de résidence,,
88b94fbf75fd,eng Zuel,f,un certain nombre,,
57a2b822d292,brauchen,,avoir besoin,,
e66ceefad11d,umellen,,"Pour vous inscrire, inscrivez-vous",,
c2028bd6bc42,widderhuelen,,"répéter, réviser",,
2e76c938ebd3,wunnen,,vivre (quelque part),,
69fe9f667334,en Alter,m,l'âge (d'une personne),,
2879aa68ed8a,Chrëschtdag,m,Noël,,
14d8384fb253,en Dag,m,une journée,,
419b632b93f7,en Datum,m,une date,,
3aef5b7896af,e Feierdag,m,un jour férié,,
3d2ce4748981,d'Fest,n,le festival,,
adbc3c3e11aa,de Gebuertsdag,,l'anniversaire,,
a917a057b3b6,d'Deeg,m,jours,,
f305a5113a51,eng Joreszäit,f,une saison,,
4d2e7971fefd,d'Fréijoer,n,Printemps (saison),,
e727d854b136,de Summer,m,Été,,
399e14595cb2,den Hierscht,m,l'automne,,
2b6c9149b91f,de Wanter,m,Hiver,,
94a66df341bb,Kleeserchersdag,m,La Saint-Nicolas,,
24f3427ed780,e Mount,m,un mois,,
5496f292e034,d'Méint,m,mois,,
a45cf4ebe579,den Nationalfeirdag,m,la journée nationale,,
ccb8be0c6dff,d'Ouschteren,n,Pâques,,
94362e6142b9,eng Vakanz,f,des vacances,,
069165b2a7bf,e Wochendag,m,un jour de semaine,,
d7d85291d5fd,Méindeg,m,Lundi,,
11b79a8976b4,Dënschdeg,m,Mardi,,
5fd06847207f,Mëttwoch,m,Mercredi,,
77a8bf9d39c2,Donneschdeg,m,Jeudi,,
4a090eaa14ba,Freideg,m,Vendredi,,
e5310d04e3b2,Samschdeg,m,Samedi,,
5e1ea34ccc23,Sonndeg,m,Dimanche,,
280547755977,gebuer,,être née,,
fabebf945c0b,gëschter,,hier,,
c1db232d91e0,haut,,aujourd'hui,,
1d8a5b0b434b,iwwermuer,,apres-demain,,
53e00547ac6b,tomorrow,,muer,,
34462fdc343d,vigëschter,,avant hier,,
045a50a15c2d,d'Fra,f,l'épouse/la femme,,
2a7fee7d0a50,de Jong,m,le fils,,
8279ca3f88e0,de Jonggesell,m,l'homme célibataire,,
d1e5f4f6a62c,d'Jonggesellin,f,la femme célibataire,,
de835d7b006a,d'Kand,n,l'enfant,,
437688e36924,d'Kanner,n,les enfants,,
284cff65e94d,de Mann,m,le mari/l'homme,,
2d4fda1aa208,d'Meedchen,n,la fille,,
27db02524e93,d'Meedercher,p,les filles,,
948c3b1fce63,bestuet,,marié,,
606801d9337d,bestueden,,se marier,,
d0716dd37688,gepacst,,PACSER,,
7085d0cfdd57,pacsen,,pour obtenir des PAC,,
ac3024a60e80,gescheet,,divorcé,,
7d08d4ac570d,scheeden,,divorcer,,
693381a190fd,akafen,,"pour acheter, faites vos courses",,
101af3e181b5,äntweren,,"répondre, répliquer",,
170226ec77ce,ausmaachen,,"éteindre, couper, mettre hors tension",,
fb30bb58d1e6,besichen,,rendre visite (à une personne),,
f60f977dee7b,bestellen,,"commander, demander",,
dd930a634a72,(sech) bestueden,,se marier,,
aa1c17e0e6ce,bezuelen,,"payer, dépenser",,
39708fcce2c6,bleiwen,,"rester, demeurer",,
f35b92a9c2db,botzen,,nettoyer,,
49a8320051b2,brauchen,,avoir besoin,,
ed42b6092a4b,bréngen,,"livrer, remettre",,
7eda5e00f800,buschtawéieren,,épeler,,
e44b205779bb,däerfen,,"être en mesure de (avoir le droit de, être autorisé à)",,
dafc1dba36d5,danzen,,danser,,
5fe6ac7562db,decidéieren,,décider,,
6d2df5630e7e,dierzen,,s'adresser formellement (vouvoyer),,
9df3f99794da,drénken,,"boire, avaler (liquide)",,
7d911c6be522,(sech) duschen,,se doucher,,
abbfc21e3f36,duzen,,appeler quelqu'un de manière informelle (tuteur),,
5dc1f503f302,ënnerschreiwen,,souligner,,
6200e281ab63,(sech) entschëllegen,,"excuser, s'excuser",,
d23524791aeb,erwächen,,se réveiller,,
88489353484d,fannen,,trouver,,
8031ef75cd7f,fléien,,voler,,
f1dcea7fae9b,fortfueren,,"partir (en voiture, en train)",,
c40306b5c3ab,froen,,demander (demandeur),,
5a11297d5d6d,fueren,,conduire,all Dag fueren Dausende vun Automobilisten iwwer dës Bréck,
071b10e5b235,gesinn,,voir (voir),,
6c72ba4ab543,ginn,,"donner, devenir",,
25a969228476,goen,,aller,,
045715b8b4e3,heeschen,,appeler,,
5b7631b87822,héieren,,entendre (entendre),,
0caf5620965e,hëllefen,,"aider, assister",,
4b1dc55e3b31,hoffen,,espérer,,
fd2080d5b02f,huelen,,prendre,,
d49c079758db,hunn,,avoir,,
04c2e0781323,iessen,,manger,,
622afc8bc846,invitéieren,,inviter,,
07d983f425dd,kachen,,"cuire, bouillir",,
a3191e306af5,kafen,,acheter,,
411f2b0da3b5,kaschten,,coûter (de l'argent),,
2acfe56ed507,kennen,,connaître (une personne),,
e7760a69a285,kënnen,,"être capable de (être bon en, être capable de)",,
9e53e33accca,kommen,,à venir,,
88f36604ab44,kréien,,"obtenir, recevoir",,
8c5a40f9b578,kucken,,regarder,,
c698c7720660,laachen,,rire,,
9e1cf06d611e,lafen,,courir,,
7bd24cd34f29,lauschteren,,écouter (écouter),,
1647dd5db31a,léieren,,apprendre,,
c852ef2c2cff,liesen,,lire,,
9cab6df56a66,lounen,,louer,,
3defdd397d28,maachen,,"faire, réaliser",,
a97f91622bf5,mengen,,"penser, croire",,
f3c82438f0e1,molen,,"peindre, dessiner",,
5efa901050a4,mussen,,"devoir, être obligé de",,
3f5d3bf8c71a,opmaachen,,ouvrir,,
7fb95fc10809,oppassen,,"faire attention, veiller sur, prendre soin de",,
bc38daabe140,organiséieren,,organiser,,
fe50c1f38d49,plënneren,,"déplacer (meubles, objets)",,
34b510b31c46,preparéieren,,se préparer,,
30e2ca1430cd,probéieren,,"essayer, essayer",,
98f070d81297,raschten,,"se reposer, se détendre, s'allonger",,
80cc22182d1f,raumen,,"ranger, mettre en ordre",,
dd4025640265,reenen,,il pleut,,
9341f1af1c5d,reservéieren,,réserver,,
96a956da5f13,sammelen,,"collecter, rassembler",,
34dda87e0a28,sangen,,chanter,,
5637cbac27b3,schaffen,,travailler,,
2252a9b3b168,schlofen,,dormir,,
53cb5376dd1d,schneiden,,"couper, sculpter",,
30011040b655,schneien,,neige,,
5cf49afc01a7,schreiwen,,écrire,,
413fafd57652,schwammen,,nager,,
164214809ea8,schwätzen,,"parler (une langue), parler",,
91bd6e5bbfd0,sichen,,"chercher, rechercher",,
5bff2794f825,sinn,,être,,
b058db809215,soen,,dire,,
6623f7dbb056,sollen,,"devrait, devrait, ferait mieux",,
41a6215a74c2,spadséieren,,"aller se promener, marcher",,
510265f3de9b,spillen,,jouer,,
2b2d46afdb87,studéieren,,étudier,,
2a053c8cbf7a,telefonéieren,,téléphoner,,
108287591a6a,üben,,"s'entraîner, répéter",,
46190122580c,ukommen,,arriver,,
53b0f24318c9,umaachen,,"fixer, attacher, allumer, éclairer",,
9731382757de,verkafen,,vendre,,
b4ab08343b32,verléieren,,perdre,,
c335a2decae3,verlounen,,louer,,
7e1630785b81,verstoen,,comprendre (la signification de),,
bf1dffd10ca8,waarden,,attendre,,
c15c28e0f16b,weisen,,montrer,,
e1024cb420c6,wëllen,,"vouloir, demander",,
3f7a38a97046,wënschen,,souhaiter,,
7a9aaf263917,wëssen,,savoir,,
b7e589f7e773,widderhuelen,,répéter,,
5730dc069d6f,wunnen,,vivre (quelque part),,
a711891ad16a,zerwéieren,,"servir (une personne, de la nourriture ou des boissons)",,
888b3af1d5a9,zielen,,"compter, additionner",,
a8d21909c19a,zoumaachen,,"fermer, fermer",,
cc74039ded82,Nach,,encore/toujours,,
143489ab0d09,d'Spriechblose,f,bulle de dialogue,,
1a0c90eeeed4,ronderëm,,"rond, autour",,
c6993a67f1fc,zortéieren (sortéieren),,"trier, ranger",,
dccb64818b2b,d'Zousazmaterial,n,le matériel complémentaire,,
a84c2d959fbd,passen,,"s'adapter, correspondre, convenir",,
d1696de83ee4,aus der Klass,f,de la classe,,
d7a3c0269795,ukräizen,,"cocher, marquer",,
77061b313199,noschwätzen,,répéter (copier),,
b85e310f3ea7,e puer Mol,,plusieurs fois,,
5398d5c692c0,beschreiwen,,décrire,,
0bd825389a97,kombinéieren,,"combiner, arranger, assortir",,
91af4fd40213,den Tableau,,"tableau, table (dans un document)",,
17b12df0e46b,kommen aus + Land,,venir d'un pays,,
78553e02ceb5,komme vun + Uertschaft,,venir d'une ville/d'un lieu,,
e12a2f7bde9c,ënnersträichen,,souligner,,
6534901de6ce,awer och,,cependant (mais aussi),,
641211b4a122,d'Übung,f,"la pratique, l'exercice",,
a41151f458c7,stoen,,"être situé, se tenir debout",,
966d711fb00b,déi richteg Kolonn,f,la colonne correcte (droite),,
156bba846ff1,ausfëllen,,"remplir, à compléter",,
61eafba1b702,notéieren,,prendre note (par écrit),,
c414a4ed6b93,verstoen,,comprendre,,
23b5ee080d2f,allen zwee,,tous les deux,,
fc173cce5c5e,feelen,,être absent/manquant,,
b7cb33752436,Heemechtsland,,pays d'origine,,
f19b8efa0293,Heemechtsstad,,ville natale,,
11673b4d5b82,reegelméisseg,,régulier,,
1ba1db625c78,onreegelméisseg,,irrégulier,,
e94a0086b3d7,Miersch,,Mersch (ville),,
aad20f762576,Esch-Uelzecht,,Esch-sur-Alzette (ville),,
d4bb39de7e95,Diddeleng,,Dudelange (ville),,
7ec39189d95f,Iechternach,,Echternach (ville),,
dd1b0ffdabfb,Mëllerdall,,Mullerthall (région),,
b2b38edbaff9,Veianen,,Vianden (Ville médiévale pittoresque au Luxembourg),,
e939095f4f4b,Clierf,,Clervaux (Ville au nord du Luxembourg),,
61417bec7921,Ech-Sauer,,Esch-sur-Sûre (Ville),,
8dd2b55fac61,Ettelbréck,,Ettelbruck (ville),,
a3e14fc2b3b9,d'Ëmgéigend,f,"le quartier environnant, les environs",,
0af8374913bf,Gréiwemaacher,,Grevenmacher (Ville),,
661fcb56d1b4,Lampertsbierg,,Limpertsberg (Quartier de Luxembourg),,
57e5cd053d36,Beetebuerg,,Bettembourg (ville),,
e7abfc254429,Märel,,Merl (quartier de luxembourg),,
4b417f92ff66,Fiels,,Larochette (Ville),,
35582862e126,Hesper,,Hespérange (VIlle),,
cc66621848db,Stroossen,,Strassen (Ville),,
d86b6d24ccb9,Zéisseng,,Cessange (Quartier de Luxembourg),,
43f46650fa05,Nidderkäerjeng,,Bascharage (Ville),,
adfe76cf2de0,Uewerkäerjeng,,Hautcharage (Ville),,
1e18267f48e8,Jonglënster,,Junglinster,,
52ef18ff2ea9,d'Situatioun,f,la situation,,
11e85100483d,wou gesitt Dir,,Où vois-tu ?,,
fe14c9e1a033,de Panneau,m,"le panneau (routier), avis",,
4aa6a4a7ecb1,eng Reklamm,f,"une publicité, un panneau d'affichage",,
46ea9720bf03,matbréngen,,apporter (avec),,
fd17fc2216a9,halen,,"tenir, garder (maintenir)",,
8af4b76d58c9,d'Schaff,f,"le travail, le lieu de travail",,
fd3e31a159b6,Zens,,Cens (quartier de la ville de Luxembourg),,
2b2a64732f2f,Léierzil (Séierziler),n,l'objectif pédagogique,,
6d7ea0f60d49,eng Persoun duerno froen,,puis demandez à une personne,,
b9aa639ce3d7,d'E-Mail-Address,f,l'adresse e-mail,,
e3e52026aa87,eng Käerz,f,une bougie,,
ece0f9bd4a37,de Classeur,m,"le dossier, le classeur",,
3e26929815d4,d'Kamell,f,la confiserie,,
5d711d8f62e0,e Bläistëft (Bläistëfter),m,un crayon,,
b6547ef9283e,trainéieren,,former (enseigner),,
a79668038861,wou genau,,où exactement,,
735b3fe0648e,nach eng Kéier,f,une fois de plus,,
4f66d776756f,formell,,officiel,,
d8a7436c4123,informell,,informel,,
cff44162c79e,den éischten,,le 1er (du mois),,
dafca673bcce,den drëtten,,le 3 (du mois),,
b146269d4016,de véieranzwanzegten,,le 24 (du mois),,
71e54667a26b,de véierzengten,,le 14 (du mois),,
06f07b131efa,liest haart vir,,lire à haute voix,,
2991e77835ea,Diddenuewen,,Thionville,,
b6993946e826,Arel,,Arlon,,
7b3569cdb504,um Weimeschhaff,,à Wiemerschof,,
61224a6ea3b3,op der Polvermillen,,dans Pulvermül,,
1cb7e620d753,op der Kockelscheier,,à Kockelscheuer,,
1afd3d37c30a,am Pafendall,,dans la salle Pfaffenthall,,
334916beb29f,am Préizerdaul,,à Preizerdaul,,
2675f1f002fd,an der Millebaach,,à Mühlenbach,,
8ce3c87a0f54,an der Fuussekaul,,à Fuussekaul,,
f107ca7d0ca6,en Engleschcours,m,un cours d'anglais,,
96d30990abd3,al Donnée (al Donnéeën),f,informations anciennes,,
73b02e7719f3,eng Fiche,f,une forme,,
fff2fff64765,e Bindestréch,m,un trait d'union,,
2c2f4754ec66,actuell,,"actuel, réel",,
ceb204dadb60,eng Lëscht,f,une liste,,
c04039213a59,d'Aussprooch,f,la prononciation,,
76683550fa53,d'Wuert (Wierder),n,le mot,,
a95d7b20606e,virliesen,,lire à voix haute,,
e103d9405e54,e Bouf (Bouwen),m,un garçon,,
02068842a9c7,offiziell,,officiel,,
71eda1b5048b,e Fest (Fester),n,des vacances,,
06eb4b89283c,den Titel (Titelen),m,le titre,,
1dcc8e447eb0,den Texter,m,le texte,,
6e664493d61e,de richtegen Datum,m,la date correcte,,
419ee18701cd,Päischtdënschdeg,,mardi de la Pentecôte,,
4e698db2259f,e Chrëstbeemchen,m,un sapin de Noël,,
7adf7b6bd175,déi brav Kanner,,les bons enfants (bien élevés),,
61c3c884f8d3,eng Rutt,f,"un interrupteur, une tige",,
b2997fab6a31,e Lampion (Lampionen),m,une lanterne en papier,,
2646e76d7924,eng Dier,f,une porte,,
f23399204123,e Lidd (Lidder),n,une chanson,,
97e4ba7a3cc6,fieren,,pour célébrer,,
93247d770107,virdrun,,devant,,
896c962d2bef,eng Militärparad,f,un défilé militaire,,
d883fe0d76f8,bastelen ,,fabriquer (de l'artisanat),d'Kanner hunn an der Schoul e Kaddo fir Mammendag gebastelt,Les enfants ont fabriqué un cadeau pour la fête des Mères à l'école.
32a330ced775,e Gedicht,n,un poème,,
69221f723da7,e reliése Cortège,m,une procession religieuse,,
2566fd11296e,vun Enn August bis Ufank September,n / m,de fin août à début septembre,,
ed033ff69652,d'Kiermes,f,la foire paroissiale,,
ecd4eec6dc64,eng Spezialitéit (Spezialitéiten),f,"une spécialité (domaine d'études, aliment/plat)",,
cf648277b6bf,d'Ëffentlechkeet (kee Pl),f,"le public, le grand public",,
72dffa23b001,opschreiwen,,écrire/noter,,
0393af440449,nennen,,"appeler (nom), mentionner",,
e2eafb12ac61,d'Transportmëttel,n,le mode de transport,,
8082cd9cecec,d'Auerzäit[en],f,l'heure (de la journée),,
e4f10b3d7950,d'Zeen[en],f,la scène (film/pièce de théâtre),,
60eb2c9b6f40,e Verkeefer (/) eng Verkeeferin,m / f,un vendeur,,
6ed0c74f56d3,en Ustraicher (/) eng Usträicherin,m / f,un peintre,,
aae0425ff919,e Sportler (/) eng Sportlerin,m / f,un athlète,,
af37edbcaf61,e Schauspiller (/) eng Schauspillerin,m / f,un acteur,,
9e319da9fd45,e Metzler (/) eng Metzlesch,m / f,un boucher,,
86c848872c62,e Bréifdréier (/) eng Bréifdréiesch,m / f,un facteur,,
6792a009925d,e Caissier (/) eng Caissière,m / f,un caissier,,
a88588c38cfb,zoudecken Deckt d'Wierder zou a kuckt just d'Biller,,"couvrir, border",,
204a15082cac,wielen Wielt eng fiktiv Identitéit,,choisir,,
fb6f150e8a9e,de Kach (/) d'Kächin,m / f,"le chef, cuisinier",,
c81aaa938ff7,d'Medikament[er],n,"le médicament, médicament",,
1065e85e750d,en Apdikter,m,un pharmacien,,
884b39d48923,d'Rechnung[en],f,"la facture, total",,
807c29fe0ae1,e Léierbouf (/) e Léiermeedchen,m / n,un apprenti,,
4e048decc0c2,fierwen,,"colorier, peindre",,
06875f590c62,en Elektriker,m,un électricien,,
5cba336a05e3,d'Käerterchen (Käertercher),n,la ou les cartes (diminutif),,
0b2cfe9610cb,en Iwwersetzer,m,un traducteur,,
32954a5ed34e,den Zänndokter,m,un dentiste,,
601345203757,an enger Praxis,f,dans un cabinet (bureau/cabinet),,
a1f36df1f660,de Bus fir op Mamer,,le bus pour Mamer,,
18ac4d1078cc,d'Gedold,f,la patience,,
3b290d5ec44a,pénktlech,,ponctuel,,
d5b3dfca533e,schaffe ganz präzis(/)prezis,,travail très précis,,
e5acc47dfebc,eng voll Tâche,,un travail complet,,
0001f5d3724b,op d'mannst,,au moins (au minimum),,
7111546131ef,schécken,,envoyer (envoyer),,
f2330ec40669,e Mataarbechter,m,un collègue,,
a0cd8c1e5c6e,d'Kenntness[er],f,la connaissance (d'un sujet),,
0d542d99e00f,en Nohëllefscoursen,m,un cours privé,,
ad6aac667983,tëschent,,entre / entre,,
6f28012d355c,mell dech um,,pour vous inscrire,,
ba351e95d2f9,d'Auer,f,"l'heure, l'horloge",,
66bea7c99e29,ophalen,,tenir/garder ouvert,hien huet der Madamm d'Dier opgehalen,
3b1f5d26cc8b,Tréier,,Trèves,,
df6e3929dc23,leider,,malheureusement,an der Vakanz hate mer leider keng Chance mam Wieder,
df9c6ef6ca93,Freedefeier[en],n,feux d'artifice,mir ginn all Joer um Virowend vum Nationalfeierdag d'Freedefeier kucken,
fd2f18dc28cd,gläich,,"tout de suite, bientôt",,
93108cd7faea,dréngend,,urgent / de toute urgence,,
e4e5044bad30,wéinst Ärer Annonce,,"cause de, à cause de",,
c28be041bd1b,d'Erfarung,f,l'expérience (pratique/connaissances),,
ff4037664ed6,als Monitrice,,comme / en tant que,,
631f5c6c1053,eng Kolonie[n],f,un camp de vacances,,
339323ee4106,dat sinn ech averstan,,je suis d'accord,,
b6c3ad09a92c,géint 6 Auer laanscht,,vers 6h00,,
fd8aa3d94e83,schaffen an + Gebeier,,travailler dans un bâtiment/lieu,,
7d171db70601,schaffe[n] bei + Persounen,,travailler avec une personne / dans un cabinet,,
8c9e846e388f,schaffen op + Administrationen a Plazen,,travailler dans un lieu / un lieu administratif,,
fc7670359889,mateneen,,"ensemble, en même temps",,
d7e7fd06e7ea,eng Verbindung[en],f,"une connexion, un lien",,
561439a6b942,Genf,,Genève,,
b8614b656f12,vum Findel aus,,de Findel (vun…aus),,
1aab0f0118bd,einfach,,"simple, facile",,
aabfbc09c2f3,esouguer,,même (lui-même),,
22dba38c093f,bal all Dag,,presque tous les jours,,
dee4e8f8da66,dat nervt (nerven),,"ça me dérange (agacer, énerver quelqu'un)",,
b159731c15f5,e Frontalier[en],m,un navetteur transfrontalier,,
acda9ec8bf66,beroden,,conseiller / to advise,,
e5135c9995dd,d'Investitioun[en],f,l'investissement,,
bd1dd7ec61f8,de Fitness,m,la salle de sport,,
a71f292c16f9,d'Fitness,f,"forme physique, condition",,
6a2298f27adf,Da passt meng Mann op d'Laura op,,"Ensuite, mon mari s'occupe de Laura.",,
6d860e372c41,vergläichen,,comparer à/avec,,
42eee44b42ee,eng Reiefolleg,f,"un ordre, une séquence",,
a1e188c684d9,logesch,,logique,seng logesch Iwwerleeunge ware fir jidderee verständlech,
345ec2c6d43d,d'Auerzäit[en],f,l'heure (de la journée),,
4550d0553163,de Stréch[er],m,"la ligne, marque",,
8b62863b0792,spéit,,en retard,,
289fd482ae89,de Spaass,m,"amusement, divertissement, plaisir",,
ad888d15e05b,e Gespréich[er],n,"une conversation, un chat",,
fed5fb6123de,strécken,,tricoter,,
ab2c078583b4,erëm,,de nouveau,,
8bb2adf2020a,ausser,,"sauf / unless, except",,
aee2330fae8c,chatten,,discuter (sur Internet),,
f8ed706c0645,de Manifestatiounskalenner,m,le calendrier des événements,,
199738754d99,eng Saach[en],f,une chose / une chose choisie,,
21118191f392,verschidden,,différent (pas le même),,
471c87f49fab,leider,,malheureusement,,
813b4ab2228c,d'Sonn schéngt,,le soleil brille,,
0f7519270331,et ass bedeckt,,Il fait nuageux,,
de248d6ef9a5,et si Wollek[en] um Himmel,f / m,Il fait nuageux (il y a des nuages ​​dans le ciel),,
585c4691d077,et ass vill Loft,f,Il y a beaucoup de vent.,,
5974bd1d7e19,en Ausfluch,m,"une sortie, une excursion",,
e9ba017bc0b6,virum allem,,"avant tout, surtout",,
0ea8e7937446,ech sinn et,,C'est moi,,
af6f5866d56c,schued,,être dommage,,
d58f9d87e04a,bestëmmt,,certainement),,
441d518e9b91,wierklech,,réel,,
65d310156229,eng Propos[en],f,"une proposition, proposition",,
dc0ee90e3142,schmaachen,,"au goût, goûter",,
f2eee39b9a68,klammen,,grimper,,
ed348933fb10,d'Déiere fidderen,,pour nourrir les animaux,,
8fbecf791a6d,en Deel[er],m,"une pièce, un composant",,
3ad8acf5a58c,eng Virstellung,f,"une idée, une présentation",,
aace86c09701,gratis,,gratuit,,
0584ee81eaff,d'Umeldung,f,"inscription, enrôlement",,
bd54b689fdb2,nämmlecht,,le même / même,,
4365774d4dd4,populär,,populaire,,
40657d96bb78,ausprobéieren,,à essayer,,
be0c2655241c,en Ufänger (same pl),m,un débutant,,
28e34746dd6f,den Ofschloss,m,la conclusion,,
68d8c9561960,e Sprangschlass,n,un château gonflable,,
9bcd901300d1,Béier vum Faass,m / n,bière en fût,,
0ab7c16f2419,d'Tombola[en],f,bingo (jeu),,
0d2b686c7a12,wielen,,choisir,,
280166675523,beäntweren,,"répondre (à une lettre, à une question)",,
f75a5e91c823,dohinner = dohin,,là,,
e76cd52be824,en Nopeschland,n,un pays voisin,,
fc1f4cd0a557,de Kéis,m,le fromage,,
9a2902a5898a,d'Ram,f,la crème,,
6a845712b5ee,d'Mëllech,f,le lait,,
add866aa3148,de Botter,m,le beurre,,
5d3f3b28dce4,de Jughurt,m,le yaourt,,
c368e2498e95,d'Wirschterchen [Wirschtercher],m / f,"le hot-dog, saucisse de Francfort",,
78bd30884a94,d'Ham,f,le jambon,,
364f8db72cbc,d'Zoossiss,f,la saucisse,,
cc8313944eb1,de Poulet,m,le poulet,,
624f7629bfcb,d'Rëndfleesch,n,le bœuf,,
7ebd97d14f80,d'Spruddelwaaser,n,l'eau pétillante,,
82e9afa538b0,d'Limonad,f,la limonade,,
3ea21cb1d730,de Jus,m,le jus,,
21b3fa538284,de Wäin,m,le vin,,
a294649a3fc8,de Béier,m,la bière,,
238b87ece981,de Saumon,m,le saumon,,
78593aa1919c,d'Crevette[n],f,la/les crevette(s),,
9df2db8035db,d'Frell,f,la truite,,
90d57213a963,den Tëntefësch,m,la pieuvre,,
2fc38f16010a,d'Mull[en],f,La moule,,
fb3760cb6594,d'Gromper[en],f,La pomme de terre,,
1759297e5dc8,d'Tomat[en],f,La tomate,,
288d43d3bf3e,d'Banann[en],f,La banane,,
94fddc0fb97a,d'Meloun[en],f,Le melon,,
41bcaea1ebd8,d'Kiwi[en],m / f,le(s) kiwi(s),,
1a45a67b24f9,d'Brout,n,le pain,,
a5197d221114,d'Bréitchen [Bréidercher],n,"petit pain, brioche",,
fbe73ac773fe,eng Taart,f,une tarte,,
cc723d5b4ace,e Kuch,m,un gâteau,,
23d98da35efc,eng Baguette,f,une baguette,,
14ae395787ff,Gedrénks (no pl),n,boissons,,
af908293eefc,en Akafsgespréich,n,une conversation sur le shopping,,
694bf91e74ed,de Mëllechprodukt[er],n,le(s) produit(s) laitier(s),,
0d83093daab6,Kommissioun[en] maachen,f,"faire du shopping, faire les courses",,
be56a9e87174,eng Béchs,f,une canette,,
00f8c6e36688,d'Nuddel[en],f,les nouilles,,
1e4f2b186f1c,en Olivenueleg[er],m,l'huile d'olive,,
e42b04c16912,den Hunneg[er],m,Miel,,
0f9105542fb4,en Dëppchen,n,"une casserole, un pot (diminutif)",,
259a0704ce08,e Pak,m,"un paquet, un colis",,
30f0162280fd,eng Fläsch,f,une bouteille,,
9403540ab70b,en Tüb[en],m / f,un tube,,
52fa70ed3bb8,eng Glace,f,une glace,,
1fe438694fb9,de Schockela,m,le chocolat,,
7f874dadc286,eng Lutsch,f,une sucette,,
cd474dca948b,eng Mickymaus,f,une bande dessinée,,
728cf5c2d3ba,e Petzi[en],m,"un ours en peluche, un jouet doux",,
0e5eae5517dc,de Knätsch[en],m,le chewing-gum,,
b285674ce844,e Loftballon[en],m,un ballon,,
0264c213301f,de Schockelasbotter,m,la pâte à tartiner au chocolat,,
687ca3305889,d'Aprikos[en],f,l'abricot,,
01fea8faf124,en Apel [Äppel],m,une pomme,,
a75e8faa1ceb,eng Zalot[en],f,une laitue,,
9c7d9f5d5d4d,d'Spargel[en],f,les asperges,,
fb2df65b25a0,säfteg,,juteux,,
dcefbec4773f,boer,,en espèces,,
e4ffe15bbe17,zréck (/) zeréck,,au retour / retour à quelqu'un,,
c3c8b817ff62,eng Quetsch[en],f,un quetsch,,
b3feeeb4b0bc,eng Orange[n],f,une orange,,
a9a23e6a534b,eng Bier[en],f,une poire,,
d3970fd63959,eng Kiischt[en],f,une cerise,,
52f6c8259579,eng Muert[e],f,une carotte,,
9a8f088f7046,eng Boun[en],f,un haricot,,
3535f0b1db5c,eng Ënn[en],f,un oignon,,
384175e16f9a,en Äerdbier (kee pl),n,fraises,,
9caefe248568,eng Noss [Nëss],f,une noix,,
6de4b3c00772,d'Endung[en],f,la terminaison (d'un mot),,
f678b5f6e713,heefegsten (/) heefeg,,le plus fréquent / fréquent,,
96b23a546e3f,e Pond,,500 g,,
886aade196ea,en hallwe Kilo,,un demi-kilo,,
898756218a72,zeideg,,mûr,,
aa77b06f75a8,séiss,,sucré (goût/petit),,
6d5ff263c447,sauer,,aigre,,
58b58287c40f,dréchen,,sec,,
a52618db2758,eng Aachtchen,f,une pâtisserie en forme de 8,,
34e717cdd5a8,eng Schockelasrull,f,pain au chocolat,,
00465fe5ad93,e Marmerkuch,m,un gâteau marbré,,
5891dcbb1f8f,d'Mëtsch[en],f,la viennoiserie,,
98bf34088bf8,komplizéiert,,compliqué,,
2b099f77847b,Liblingsiessen,n,plat préféré,,
4a2d83c15a08,gesond,,en bonne santé,,
3c2f82c94f88,eng Sort[en],f,une sorte/un genre,,
9bc8b42140c0,réi,,brut,,
e936e9833fc4,gekacht,,cuit,,
1ba6f5f3a84c,frou,,heureux / joyeux,,
c4e11a898034,roude Wäin,m,vin rouge,,
4750cc86fcbe,en Haaptplat,m,un plat principal,,
a33e8eba2943,eng Schampeszooss,f,une sauce aux champignons,,
063ca78056e9,de Spinat,m,les épinards,,
cd86f5ea4eae,e Grompergratin,m,un gratin de pommes de terre,,
ce3bf38e5bc8,eng Uebstzalot,f,une salade de fruits,,
3f94062d2ec6,d'Akafslescht,f,la liste de courses,,
0fa419eef1fd,eng Tranche[n],f,une tranche,,
457e25134b97,de Metzler (same pl),m,le boucher,,
0a2e658866d0,den Dësch decken,,mettre la table,,
ac1fdbaaf2d1,d'Emissioun,f,le programme (télévision/radio),,
1d0898531047,matmaachen,,"pour participer, faites en plus",,
16e4f9c16bd6,e Kandidat,m,un candidat,,
f810ec9b5704,de Gaascht (Gäscht),m,l'invité,,
3c41123463e7,bewäerten,,évaluer/juger,,
38c14d7f16f0,eng Note,f,une note,,
a5d568374d04,exzellent,,excellent,,
95d7f6dbb654,d'Bewäertung,f,la note,,
27e3b0e8a3ee,eng Zigarett,f,une cigarette,,
94e98ddabe4d,Mir hunn en Dësch op den Numm … reservéiert.,,Nous avons réservé une table au nom de…,,
e2ec3d0efefe,Gären,,Avec plaisir,,
f959a9105d02,entweder…oder,,soit… soit,,
51ae8c79d5d0,e Bifdeck,m,un steak,,
314ddce94bed,ech hu Loscht op…,f,j'ai envie de…,,
338a49bc98bb,eng Paschtéit,f,un vol-au-vent,,
75aef2a12dd6,d'Broschett,f,"un kebab, une brochette",,
a5e30aa92f3f,gitt mir…,,donne-moi…,,
c9174a8216d1,d'Salz,n,le sel,,
3584f91430a7,de Peffer,m,le poivre,,
aed64032c4a2,de Rescht,m,le reste,,
6f85a8aa04be,schëdden,,verser,,
8b9b91066dea,schielen,,peler,,
375075e54424,e Rondel[en],m,un cercle,,
fde4fd2803be,ofschmaachen,,"assaisonner, saveur",,
c3384f439cbb,opkachten,,porter à ébullition,,
8ed71de8032f,e Paangech[er],m,"une crêpe, une pancake",,
f7566a5805c3,eng Etapp,f,"une étape, un stade",,
104cc5d76da9,mielzeg,,"farineux, farineux",,
393a27c50939,eng Muskatnoss,f,une noix de muscade (noix),,
330278ee01c1,d'Kachzäit,f,le temps de cuisson,,
2a9c407e5e0d,de Kichelchen [Kichelcher],m,un biscuit,,
82ddd24e14ce,broden,,"frire, rôtir, cuire au four",,
11ac3e97a93b,en Geeg,m,une pâte,,
fb1c938739e8,rappen,,râper,,
72f53755cc81,pro …,,pour… / pour…,,
e433b3561599,plattdrécken,,"aplatir, écraser",,
214d80208feb,e Läffel,m,une cuillère,,
dc721b46e700,den Ueleg,m,l'huile,,
a75737d9b270,matdeelen,,"annoncer, partager avec",,
4aa85698f025,monter,,"vif, alerte",,
5f556ff53f53,d'Basilika,f,la basilique,,
22cefcb0fe1a,eng Freed,f,"une joie, un plaisir",,
6e079f424f67,en Hochzäitskont,m,un compte de mariage,,
ffdc44927bf2,e Geste,m,un geste,,
c71da5770651,gratuléieren,,féliciter,,
1314765acb21,häerzlech,,"chaleureux, sincère",,
c18a32d957f7,wënschen,,souhaiter (pour quelqu'un d'autre),,
ca2e20f813aa,d'Enkelkanner,n,les petits-enfants (pl),,
661ee11a550d,e Projet,m,"un plan, un projet",,
dc0ba20f4bc0,d'Nout,f,"détresse, adversité",,
b93753b5bc55,en Don,m,un don,,
b9d9a7381c9f,e Kont,m,un compte bancaire,,
2d08ec87cd30,ënnerstëtzen,,pour soutenir (aider),,
50b5238f5329,feieren,,célébrer / fêter,,
c2d5319caebe,d'Brautpuer,n,le couple de mariés,,
6a745b9393d5,d'Geschwëster,n,les frères et sœurs,,
7ee29ee095b4,en Enkel (/) eng Enkelin,m / f,un petit-fils / une petite-fille,,
430955700d06,e Cousin (/) eng Cousine,m / f,un cousin,,
8e5f7ae4cb60,en Neveu,m,un neveu,,
90ee7fc1249f,eng Niess,f,une nièce,,
138d70a818a3,de Stammbam,m,l'arbre généalogique,,
a7153eec8dd0,kenneléieren,,rencontrer / faire la connaissance de,,
ac09508f7b20,adoptéieren,,adopter,,
1f1c1d7e48ae,Lettland,,Lettonie,,
003820b2a2c0,Norwegen,,Norvège,,
8b1b5a5f1868,en Aquarium,m,un aquarium,,
2426289f9dd8,formuléieren,,"formuler, exprimer",,
0a10a541a9fa,e Frang,m,un franc (monnaie),,
835f8fcb5667,eng Bank,f,une banque,,
5830dd450248,tanken,,faire le plein (de carburant),,
99c8b621ca22,enk,,"étroit, exigu",,
5778899754be,d'Schank,f,l'os,,
6dd0a4ac1546,de Rank [Réng],m,la bague,,
163878b72c38,léif,,"joli, charmant",,
421d89578065,béis,,"méchant, désagréable",,
101596a8b281,bekannt,,bien connu,,
26d0be231d9d,d'Bezéiung,,les relations (contact),,
0c0bad25d0e4,eng Glatz,,une tête chauve,,
edb566ee4b44,e Schnauz,,une moustache,,
448fd4da3e33,bestëmmt,,certainement,,
7dc89da5ebff,iwwerall,,partout,,
96ec5130da0e,eréischt,,"seulement, ne…que",,
1643582809c3,de Contraire,m,"le contraire, opposé",,
58f5c85ef6d2,dréngend,,urgent,,
1178fce47348,de Knéi,m,le genou,,
b6da1de4cb8a,hu(nn)…wéi,,avoir mal à…,,
37961ba22d3d,de Patient,m,le patient,,
0c242ee1b93b,e Schnapp,m,"un rhume, un nez qui coule",,
4fe4786c0c4f,eng Migrän[en],f,une migraine,,
56c8b4ddabf5,den Houscht,m,la toux,,
d27d73694c75,e Féiwer,n,une fièvre,,
9890bd34075d,et ass mir schlecht,,Je me sens mal / malade,,
5edae19a8c48,e Message,m,un message,,
a31475f22b33,eng Excuse,f,"une excuse, une justification",,
0deba0416ba2,d'Gripp,f,la grippe,,
28471c5f23bd,erwaarden,,attendre (un bébé),,
0eb126525ed7,eng Illusioun,f,une illusion,,
881c9bb58b93,glécklech,,"heureux, heureusement",,
2b7109f5ee7f,e Komponist,m,un compositeur,,
8e61187f8672,en Auteur,m,un auteur,,
bae9429b0d9c,e Strummert,m,"un clochard, un vagabond",,
851f7770c16a,eng Ditti,f,une vieille femme (argot),,
faa6472b5035,eng Fassad,f,une façade,,
ef632b73c7b2,gëllen,,"pour être valide, compte",,
fe8c5af310c8,de Regisseur,m,"le réalisateur, le metteur en scène",,
be3daf08824d,Schueberfouer,,fête foraine à Luxembourg,,